time,open,high,low,close,volume,supertrend,upperband,lowerband,rsi,adx,pdi,mdi,macd,macd_signal,macd_hist,tp,esa,d,ci,wt1,wt2
2024-11-01 08:00:00,69692.0,70554.5,69545.5,70450.0,12.513,,,,,0.0,0.0,0.0,,,,70183.33333333333,70183.33333333333,0.0,,,
2024-11-01 12:00:00,70450.0,71950.0,70008.0,70008.0,5.847,,,,,0.0,0.0,0.0,,,,70655.33333333333,70269.1515151515,70.21487603305881,366.66666666666663,366.66666666666663,
2024-11-01 16:00:00,70008.0,70614.0,69207.5,69645.0,3.833,,,,,0.0,0.0,0.0,,,,69822.16666666667,70187.88154269972,123.94214876032913,-196.71267586850274,315.45036279983304,
2024-11-01 20:00:00,69645.0,69967.0,69197.0,69921.0,0.179,,,,,0.0,0.0,0.0,,,,69695.0,70098.26671675431,174.72843385014409,-153.86418335711872,272.78540405829193,
2024-11-02 00:00:00,69921.0,70280.5,69915.0,70005.0,0.682,,,,,0.0,0.0,0.0,,,,70066.83333333333,70092.55155613231,147.6356682044785,-11.613373701971557,246.93096971644977,300.4583508103103
2024-11-02 04:00:00,70005.0,70089.0,69862.0,70084.5,0.027,,,,,0.0,0.0,0.0,,,,70011.83333333333,70077.87551562341,132.80048894731559,-33.15358390298434,221.46873756922847,264.1588685359508
2024-11-02 08:00:00,70084.5,70156.0,69811.0,69952.0,0.357,,,,,0.0,0.0,0.0,,,,69973.0,70058.80724005551,124.25626187607824,-46.03778179060649,197.14996308197075,234.58376860648522
2024-11-02 12:00:00,69952.0,70039.0,69344.0,69729.0,5.488,,,,,0.0,0.0,0.0,,,,69704.0,69994.29683277268,154.44545658455218,-125.30716417838205,167.83567878557506,208.34633728830602
2024-11-02 16:00:00,69729.0,69896.5,69578.5,69819.5,1.022,,,,,0.0,0.0,0.0,,,,69764.83333333333,69952.57619651097,160.4995305105685,-77.98272579797552,145.48855109616136,182.9857326332339
2024-11-02 20:00:00,69819.5,69853.0,69498.5,69646.5,0.527,,,,,0.0,0.0,0.0,,,,69666.0,69900.47143350897,173.94896741936813,-89.86215401274818,124.09303244989685,158.641806353401
2024-11-03 00:00:00,69646.5,69670.0,68152.5,68696.5,2.19,71293.55,71293.55,,,0.0,0.0,0.0,,,,68839.66666666667,69707.59783953763,300.1275502287481,-192.79162525165216,95.28533629521057,133.17564965671096
2024-11-03 04:00:00,68696.5,69038.5,68616.0,68645.0,0.523,71098.07,71098.07,,,0.0,0.0,0.0,,,,68766.5,69536.48914143987,385.5569304489527,-133.1388580398538,74.51950044656836,109.84660507195927
2024-11-03 08:00:00,68645.0,68869.5,68561.5,68669.0,0.218,70851.638,70851.638,,,0.0,0.0,0.0,,,,68700.0,69384.40020663262,439.89207157325603,-103.72244327794493,58.31568738070351,88.05338914309483
2024-11-03 12:00:00,68669.0,68864.5,67807.0,68449.0,0.931,70575.5242,70575.5242,,15.009566743774542,0.0,0.0,0.0,,,,68373.5,69200.60016906305,510.29354384412784,-108.05547500266417,43.19103625494281,67.8278900943563
2024-11-03 16:00:00,68449.0,68924.0,67985.5,68923.0,1.243,70575.5242,70575.5242,,32.1468042069631,0.0,0.0,0.0,,,,68610.83333333333,69093.36983529401,505.2468089562288,-63.67007086530485,33.47639015310211,52.3756535588292
2024-11-03 20:00:00,68923.0,69642.5,68779.0,69157.5,1.164,70575.5242,70575.5242,,38.72905655100764,0.0,22.498698318260356,30.74820998033383,,,,69193.0,69111.48441069509,428.2047690196251,12.69106047737217,31.586814728035748,41.64248212919604
2024-11-04 00:00:00,69157.5,69756.5,68679.0,69465.0,0.982,70575.5242,70575.5242,,46.11130778761636,0.0,21.339361155551114,27.757306078402067,,,,69300.16666666667,69145.7902754172,378.41779124323426,27.196816996420065,31.187724025161593,34.86049129031056
2024-11-04 04:00:00,69465.0,69517.0,68917.5,68952.0,1.536,70575.5242,70575.5242,,37.905933776625076,0.0,20.1641417478683,26.228632161196053,,,,69128.83333333333,69142.70719503831,312.13707678173387,-2.963198487029596,28.083094705871485,31.08350590304273
2024-11-04 08:00:00,68952.0,69332.5,68721.0,69132.0,2.872,70575.5242,70575.5242,,41.818111526452746,0.0,19.013871084799877,26.565511481294106,,,,69061.83333333333,69128.00285654649,267.41570340562964,-16.496045263477864,24.030445617748818,28.72201976920441
2024-11-04 12:00:00,69132.0,69546.0,68574.5,68934.5,1.009,70575.5242,70575.5242,,38.920586892303774,0.0,19.277297146243832,24.203264633984773,,,,69018.33333333333,69108.062943235,235.1091409503638,-25.44339181906763,19.532824032583683,25.708522095341394
2024-11-04 16:00:00,68934.5,68934.5,67530.5,68110.0,2.295,70575.5242,70575.5242,,29.676181497553273,0.0,16.933771182978266,30.300655106042058,,,,68191.66666666667,68941.4454384044,328.6854374571561,-152.07625818742568,3.931998376219193,18.894590683105793
2024-11-04 20:00:00,68110.0,68399.0,67124.0,68106.5,3.229,70438.248661649,70438.248661649,,29.643993172812372,0.0,15.134415422503663,30.468723817980255,,,,67876.5,68747.81899505814,427.3460842936993,-135.92714462303238,-8.782469169167314,9.678199714346096
2024-11-05 00:00:00,68106.5,68509.0,67781.5,68509.0,2.301,70438.248661649,70438.248661649,,37.975713042608504,0.0,15.13354872700676,28.60124459052133,,,,68266.5,68660.30645050212,421.24796905886626,-62.32377434474721,-13.649860548765485,0.2581231727175193
2024-11-05 04:00:00,68509.0,69186.5,68509.0,69150.5,0.735,70438.248661649,70438.248661649,,48.453070024970884,0.0,20.0481790970107,26.94494173849883,,,,68948.66666666667,68712.73558071385,387.5539903123123,40.58463970618964,-8.719451434678655,-6.804945694098064
2024-11-05 08:00:00,69150.5,69349.5,68933.5,69167.0,2.155,70438.248661649,70438.248661649,,48.69313973434287,0.0,20.75388032224787,25.95118359114299,,,,69150.0,68792.23820240224,382.137228000576,62.41419249129417,-2.2527565323174885,-8.351134421232235
2024-11-05 12:00:00,69167.0,70583.5,68991.5,69869.5,2.812,70438.248661649,70438.248661649,,57.72136843085434,0.0,28.2427875535396,22.527108226386407,-222.47834384071757,,,69814.83333333333,68978.16458984425,464.779321725758,120.00946174949839,8.861990584211227,-3.9400194828875996
2024-11-05 16:00:00,69869.5,70708.5,69085.0,69424.5,2.252,70438.248661649,70438.248661649,,51.53510201953059,0.0,25.64273114202772,19.67598183120668,-176.65460510006233,,,69739.33333333333,69116.55890684226,493.50570441036064,84.12931143118354,15.704474297572347,3.398564228696858
2024-11-05 20:00:00,69424.5,70025.5,69213.5,69612.5,2.483,70438.248661649,70438.248661649,,53.78843413606757,18.406050395286943,24.006204971358766,18.420255246466994,-123.7425065983989,,,69617.16666666667,69207.5784995376,478.2479703592168,57.09564807581921,19.467308277412968,10.445254156719763
2024-11-06 00:00:00,69612.5,75729.5,69563.5,74693.5,31.186,68236.6131423041,,68236.6131423041,80.36255522393951,21.333110318382833,47.49717856064305,12.103425691985342,324.44494956784183,,,73328.83333333333,69956.89756022772,1004.3730254040153,223.81696095095253,38.04454942955293,20.519580647187368
2024-11-06 04:00:00,74693.5,75805.0,73505.0,73815.5,17.512,69996.1018280737,,69996.1018280737,72.59402102173694,24.072939828724323,42.14379275905317,10.63797420285129,601.8517035491532,,,74375.16666666667,70760.21921594389,1479.022920916519,162.9430438884017,49.398958016721,30.65382250531481
2024-11-06 08:00:00,73815.5,74870.5,73181.5,74697.0,7.753,69996.1018280737,,69996.1018280737,75.18742225967765,26.23404140624246,38.46105474051984,11.382090438404315,882.6535569128755,,,74249.66666666667,71394.6642069844,1729.2010188739296,110.07019729614697,54.91452522394154,40.45633523690711
2024-11-06 12:00:00,74697.0,75182.0,74091.5,74830.5,6.856,70079.8624807397,,70079.8624807397,75.5645499045863,28.350552221771096,37.8942046902484,10.730127662292341,1103.2458516347397,,,74701.33333333333,71995.87677541147,1906.7020259735536,94.59462887811804,58.52180737432122,50.21996001113417
2024-11-06 16:00:00,74830.5,76247.0,74585.5,76240.0,4.808,70816.6012326658,,70816.6012326658,79.16515333351111,30.66340623603005,40.14545882363241,9.808291983128859,1375.940716711586,,,75690.83333333333,72667.68705866998,2109.691889371698,95.53199971659343,61.88637031452778,56.18041523237789
2024-11-06 20:00:00,76240.0,76818.0,75961.0,76046.0,1.35,71992.7161093992,,71992.7161093992,77.47304979570066,32.97890947125094,41.35167138604252,9.361545309531849,1558.434520213821,782.7803531261458,775.6541670876753,76275.0,73323.5621389118,2262.7366115019704,86.95776745395857,64.16558823629421,59.872072787271186
2024-11-07 00:00:00,76046.0,76478.0,75510.5,75607.5,1.28,71992.7161093992,,71992.7161093992,73.64155384480746,34.565406901532995,39.181927025776204,11.31354170980228,1648.674001359861,955.9590827728889,692.7149185869721,75865.33333333333,73785.70235607935,2229.444678002336,62.1868156309193,63.98569981762377,62.139866435691744
2024-11-07 04:00:00,75607.5,75607.5,74907.5,75245.5,0.906,71992.7161093992,,71992.7161093992,70.54001707052282,35.31586466513867,37.642954207216434,14.252659084176114,1671.7086489658977,1099.1089960114907,572.599652954407,75253.5,74052.57465497401,2042.4411629157266,39.19901886138322,61.73236518523826,62.94250588842101
2024-11-07 08:00:00,75245.5,75551.5,75196.5,75231.0,0.212,71992.7161093992,,71992.7161093992,70.41209503163518,36.012718302772505,36.85241019977959,13.95333735275697,1669.5482315749978,1213.1968431241921,456.35138845080564,75326.33333333333,74284.16714194843,1860.5729862737571,37.342123423748156,59.515070479648244,62.34968092970112
2024-11-07 12:00:00,75231.0,76443.0,75069.5,76367.0,6.322,71992.7161093992,,71992.7161093992,74.33843549172316,37.05430049196281,39.10978204981335,12.83060917616567,1739.450488814895,1318.4475722623326,421.0029165525623,75959.83333333333,74588.83372220023,1771.5596453390917,51.59294202484792,58.794876983757305,61.00700311656689
2024-11-07 16:00:00,76367.0,77161.5,76162.5,77045.5,2.709,72965.4100554391,,72965.4100554391,76.35652854052728,38.304740519151814,41.055181569214824,12.069894970318998,1828.5197731046792,1420.4620124308021,408.05776067387706,76789.83333333333,74989.01546967897,1776.8793213964132,67.56481590954392,59.592144158828816,59.90861420186816
2024-11-07 20:00:00,77045.5,77270.5,75976.5,76344.0,3.548,72965.4100554391,,72965.4100554391,70.20883344509183,39.224224969092646,37.91911072235139,12.245900603995585,1821.5054542649887,1500.6707007976395,320.8347534673492,76530.33333333333,75269.25508125249,1683.097308793582,49.95069686869002,58.71564895063438,59.154435143217185
2024-11-08 00:00:00,76344.0,76804.0,76038.0,76350.5,0.614,72965.4100554391,,72965.4100554391,70.23274871257706,40.07803195832342,36.158329404457014,11.677259815919378,1795.7705269203434,1559.6906660221805,236.0798608981629,76397.5,75474.39052102476,1544.917703372065,39.83424605553999,56.99915777835307,58.52545696789339
2024-11-08 04:00:00,76350.5,76754.0,76157.5,76676.0,1.514,73060.7239304151,,73060.7239304151,71.46796443102156,40.87085273403771,34.803043672717905,11.239573012491581,1781.1090251326968,1603.9743378442838,177.13468728841303,76529.16666666667,75666.16800205056,1420.9324235982554,40.48978216856243,55.49830545019029,57.70131408450164
2024-11-08 08:00:00,76676.0,76743.5,76220.5,76422.0,7.205,73269.5765373736,,73269.5765373736,69.05974287212901,41.60704345434384,33.61341593169611,10.855385124252907,1729.0624465226429,1628.9919595799556,100.07048694268724,76462.0,75810.86472895046,1280.9693049530345,33.8876332962256,53.53369889073895,56.18670276747917
2024-11-08 12:00:00,76422.0,77068.5,76105.5,76721.0,2.181,73406.9188836362,,73406.9188836362,70.32729078104285,42.46126203093637,33.622003579897026,10.16631012705925,1692.4326490757521,1641.680097479115,50.752551596637204,76631.66666666667,75960.10144489886,1170.1685625557216,38.260312417501844,52.14520921135376,54.54409283265902
2024-11-08 16:00:00,76721.0,77630.0,76239.5,77440.5,3.134,73655.5269952726,,73655.5269952726,73.17517100594037,43.53118636971654,34.229244278854495,9.252971414198267,1701.843119462661,1653.7127018758242,48.13041758683676,77103.33333333333,76167.96178825057,1127.4781957424555,55.30759108335024,52.43269847244434,53.40247800618184
2024-11-08 20:00:00,77440.5,77440.5,76737.0,76876.0,2.063,73926.3992957454,,73926.3992957454,67.68629882412162,44.524687541441,32.63193459022018,8.821180961328537,1644.7904325069685,1651.9282480020534,-7.137815495084851,77017.83333333333,76322.48388735653,1048.9093321486994,44.19507798336062,51.68382388252764,52.448857614266174
2024-11-09 00:00:00,76876.0,77010.0,76553.0,76726.5,1.953,73926.3992957454,,73926.3992957454,66.26858364311035,45.101600480331435,31.60031401569213,9.815164207173048,1569.4210574561293,1635.4268098928687,-66.00575243673939,76763.16666666667,76402.60802904928,923.7546604157337,26.021240853072406,49.3508617889408,51.403148338816635
2024-11-09 04:00:00,76726.5,77185.0,76667.5,76939.0,2.015,74086.1059295537,,74086.1059295537,67.31648266800681,45.7406284646827,31.682579745839128,9.450808986821272,1509.4374039837421,1610.2289287110434,-100.7915247273013,76930.5,76498.58838740396,834.3286517212443,34.511708841593496,48.0018478846365,50.36730800713732
2024-11-09 08:00:00,76939.0,77148.0,76787.5,76937.5,0.783,74303.4703365984,,74303.4703365984,67.30058912458014,46.33401159300888,30.82416273787923,9.194746026091785,1445.1204401066934,1577.2072309901735,-132.08679088348003,76957.66666666667,76582.05716545173,750.9251698110081,33.34637647134918,46.669532301610374,48.92651646442883
2024-11-09 12:00:00,76937.5,76951.0,76649.5,76740.5,0.164,74311.9483029385,,74311.9483029385,65.12582478007135,46.58623563029155,30.089877284820986,10.066059787003198,1362.545947723178,1534.2749743367744,-171.7290266135965,76780.33333333333,76618.10737779383,643.8889490343701,16.796473551615495,43.95379968797448,46.99401041579054
2024-11-09 16:00:00,76740.5,76930.5,76044.5,76539.0,0.829,74311.9483029385,,74311.9483029385,62.887360279786385,45.60407723634655,27.980473215331735,14.14736773078161,1266.2491693859774,1480.669813346615,-214.42064396063756,76504.66666666667,76597.48179395252,543.6937087164576,-11.380810653479696,38.9233805660241,44.38714011006137
2024-11-09 20:00:00,76539.0,77282.0,76539.0,77022.5,2.027,74432.8556253802,,74432.8556253802,65.9147579259176,45.01051209971241,29.131273167627437,13.305014054037647,1214.942586137331,1427.5243679047583,-212.58178176742717,76947.83333333333,76661.18207383994,496.9587179486268,38.45406726158167,38.880715720165696,42.10685706894366
2024-11-10 00:00:00,77022.5,77869.0,76915.0,77578.0,2.276,74875.9200628422,,74875.9200628422,69.03958941922595,44.93700518409385,31.595815530063653,12.292925900055558,1205.2130113854073,1383.062096600888,-177.84908521548073,77454.0,76805.33078768721,524.5424441966559,82.4425451793811,42.840882034639826,41.14969450220103
2024-11-10 04:00:00,77578.0,80202.5,77578.0,79191.0,19.672,75838.428056558,,75838.428056558,75.93772706878346,46.122960673949486,42.13723543401732,10.032054871415742,1312.5278686437523,1368.9552510094609,-56.42738236570858,78990.5,77202.63428083499,754.2375850999935,158.02851820031267,53.312485322428266,43.48936591081447
2024-11-10 08:00:00,79191.0,80476.0,79191.0,80295.5,1.787,76701.3602509022,,76701.3602509022,79.33329498689656,47.32875569838243,40.29376011050882,9.145195512452908,1469.757140072441,1389.1156288220568,80.64151125038416,79987.5,77708.97350250135,1031.381023717931,147.2799702600046,61.85498395311703,49.222266757587704
2024-11-10 12:00:00,80295.5,80502.5,79700.0,80200.0,3.853,77041.574225812,,77041.574225812,78.30436907945514,48.45887518072528,38.21783520654569,8.631977655553154,1568.5748639544763,1425.0074758485407,143.5673881059356,80134.16666666667,78149.91771416776,1204.6297380417448,109.8123841064789,66.21474760342265,56.05577472840194
2024-11-10 16:00:00,80200.0,81578.5,79861.5,80103.0,4.842,77451.1918032308,,77451.1918032308,77.20902709094688,49.89639805094141,41.01732548681898,7.643612625815642,1620.382768831245,1464.0825344450816,156.3002343861633,80514.33333333333,78579.81146310695,1337.3373984389514,96.43649002286243,68.96217873246263,62.58609890285764
2024-11-10 20:00:00,80103.0,82069.5,79108.0,80867.0,7.38,77451.1918032308,,77451.1918032308,79.62637100925139,50.02615240450151,33.823611513026805,10.765343492263487,1703.4529761411686,1511.9566227842993,191.49635335686935,80681.5,78961.93665163295,1406.8330256986062,81.48625633868438,70.10073124211915,66.78316038278037
2024-11-11 00:00:00,80867.0,82340.5,80770.5,82124.5,4.432,77637.1603606169,,77637.1603606169,82.85058717371524,50.275341235794734,32.316171916250596,9.785531306260328,1849.4372926815413,1579.4527567637476,269.98453591779366,81745.16666666667,79467.97847254817,1565.0794199567686,96.99989939089481,72.54611016473513,69.45594193568489
2024-11-11 04:00:00,82124.5,82218.5,80884.0,81562.5,3.419,77637.1603606169,,77637.1603606169,76.98671428309765,50.50673086485273,29.830841902693827,9.032958423646765,1897.904352162659,1643.14307584353,254.76127631912914,81555.0,79847.43693208486,1590.9855377673807,71.55158557931114,72.4556988387875,71.0161797445261
2024-11-11 08:00:00,81562.5,82831.5,81486.0,82622.5,2.542,78220.9298920997,,78220.9298920997,79.87930022379852,51.01764787272048,31.0430251979212,8.336792214675452,1998.8069844950078,1714.2758575738255,284.53112692118225,82313.33333333333,80295.78173231185,1668.54300381358,80.6113116417622,73.19711818451248,72.07491460753856
2024-11-11 12:00:00,82622.5,84755.5,81929.0,84494.0,5.324,78950.2619028897,,78950.2619028897,83.76037699994171,52.19245799652406,36.54036463897101,7.099042887279198,2204.3767735360743,1812.2960407662754,392.08073276979894,83726.16666666667,80919.48808401272,1875.4767454209211,99.7676489282566,75.6126209793983,73.45288704185836
2024-11-11 16:00:00,84494.0,87270.5,84395.0,86690.0,10.876,81017.3107126008,,81017.3107126008,86.94296787646972,53.854707088491686,43.66464612205367,6.105859210380221,2515.4941094111564,1952.9356544952516,562.5584549159048,86118.5,81864.76297782858,2307.8877048301033,122.87533208451215,79.90923107986319,75.29366727064037
2024-11-11 20:00:00,86690.0,90067.0,86690.0,89132.0,15.145,83031.5046413407,,83031.5046413407,89.42488824535684,55.79683638181498,49.54981859536545,5.18789935716588,2925.3838271547575,2147.4252890271528,777.9585381276047,88629.66666666667,83094.74546670822,2894.621067580712,127.47601086600878,84.2334837876946,78.23811350786714
2024-11-12 00:00:00,89132.0,89892.5,87090.0,88509.0,19.686,83031.5046413407,,83031.5046413407,84.98654763043407,57.6002421541866,43.680785180181786,4.573407608357252,3163.486781772619,2350.637587576246,812.849194196373,88497.16666666667,84077.00386670066,3171.9922916507667,92.89982222635801,85.021332736664,81.19416714590503
2024-11-12 04:00:00,88509.0,90415.5,88147.5,89741.5,9.169,83513.358759486,,83513.358759486,86.42227743953791,59.338486984844835,41.751277826440145,4.145470047295564,3412.302637592613,2562.9705975795196,849.3320400130933,89434.83333333333,85051.15467881568,3392.2989030811077,86.14961475507755,85.12390382924704,83.57198785836721
2024-11-12 08:00:00,89741.5,89846.5,85783.5,87620.0,16.042,83513.358759486,,83513.358759486,73.40911306961115,58.532438465087736,35.36680826577876,12.408806307366877,3399.1207281912793,2730.2006237018713,668.920104489408,87750.0,85541.85382812192,3176.9984064987384,46.33610910560911,81.59774067255269,83.99411525653957
2024-11-12 12:00:00,87620.0,88255.5,85527.5,87005.5,15.206,83513.358759486,,83513.358759486,70.11577378804533,57.559169682901654,31.845636510464004,12.107668466546837,3301.036659820529,2844.367830925603,456.66882889492626,86929.5,85794.15313209975,2805.7890358444683,26.976294449226,76.63215465225026,82.0937829726785
2024-11-12 16:00:00,87005.5,90242.0,86155.0,89105.0,7.724,83513.358759486,,83513.358759486,74.3498199648282,57.249013287386454,34.16520577700198,10.431947547016602,3354.052997594801,2946.3048642594426,407.7481333353585,88500.66666666667,86286.246502021,2698.2674228992337,54.71214962739137,74.63942692271763,79.4983065191919
2024-11-12 20:00:00,89105.0,90223.5,87848.0,88285.5,6.329,83513.358759486,,83513.358759486,70.17067903784385,56.96101092012234,31.441388512156436,9.600261678651247,3291.9939688128507,3015.4426851701246,276.55128364272605,88785.66666666667,86740.68653195655,2579.4879159557577,52.852354196883454,72.6587839476418,76.3820265487906
2024-11-13 00:00:00,88285.5,88880.5,87399.5,87441.0,2.747,83513.358759486,,83513.358759486,66.0504777112878,56.27774907492478,29.843912335341148,10.651141721696595,3138.4891004644596,3040.051968228992,98.43713223546774,87907.0,86952.74352614627,2283.9912901190255,27.85347673265438,68.58557420082475,73.1289849308586
2024-11-13 04:00:00,87441.0,87965.5,86516.0,87765.5,3.111,83513.358759486,,83513.358759486,66.855800562696,54.85795608469608,28.326931646341368,13.207961663031123,3008.3415357987396,3033.709881742942,-25.368345944202247,87415.66666666667,87036.91136987726,1937.584745877278,13.031870308135494,63.53523748330754,69.85475563862292
2024-11-13 08:00:00,87765.5,88413.5,87438.5,88025.0,1.648,83513.358759486,,83513.358759486,67.5193427020715,53.717380519185134,28.95274024870772,12.738902744337102,2892.7918308805965,3005.526271570473,-112.73444068987646,87959.0,87204.5638480814,1722.466819702974,29.19983298715357,60.41383707456627,66.29835817658508
2024-11-13 12:00:00,88025.0,93181.0,87930.0,93033.5,23.731,83513.358759486,,83513.358759486,77.06358587189882,54.00992406739015,39.51462486067655,10.563160006193055,3168.8336081569287,3038.187738887764,130.64586926916445,91381.5,87964.00678479386,2030.6534370671852,112.19683125388202,65.12138199995861,64.41400768966429
2024-11-13 16:00:00,93033.5,93824.0,90334.5,90549.5,12.945,84545.95084615,,84545.95084615,66.60959583612845,54.411268161532114,37.21777402931031,9.412643157853656,3150.8397458160907,3060.7181402734295,90.1216055426612,91569.33333333333,88619.52070271013,2197.773290441006,89.4788266970973,67.33569515424395,64.1015379280191
2024-11-13 20:00:00,90549.5,91455.0,88326.5,90756.5,4.46,84545.95084615,,84545.95084615,67.01120421783031,53.34220177743464,33.67632159727061,14.624415300187756,3117.347805283338,3072.0440732754114,45.303732007926556,90179.33333333333,88903.12299918706,2030.2163892965075,41.90720230199979,65.02401398585812,64.47373205365673
2024-11-14 00:00:00,90756.5,90863.0,89850.0,90365.0,2.867,84545.95084615,,84545.95084615,65.40883133700547,52.34949727791555,32.5947949101468,14.154747157096484,3024.351580589195,3062.5055747381684,-38.15399414897365,90359.33333333333,89167.88851448637,1877.7124673965886,42.301287321122494,62.95831156179124,65.10985067546298
2024-11-14 04:00:00,90365.0,91191.0,89527.5,91162.0,1.164,84545.95084615,,84545.95084615,67.13189780454019,51.52888857397403,31.90273173570613,13.394032169220216,2980.604093087066,3046.125278407948,-65.52118532088207,90626.83333333333,89433.15120882218,1753.3433141446903,45.38689465934009,61.360910025204774,64.16973268177452
2024-11-14 08:00:00,91162.0,91964.5,90749.5,91964.5,1.988,84670.395475159,,84670.395475159,68.81626336430112,51.003789873721125,33.190847095451495,12.85079676276781,2976.379091846524,3032.1760410956635,-55.79694924913974,91559.5,89819.76007994542,1750.8699697646696,66.24287545040296,61.80472506385915,62.78699015917832
2024-11-14 12:00:00,91964.5,92034.0,88150.5,88150.5,9.14,84670.395475159,,84670.395475159,54.51699115094437,48.778914828058454,29.124808276188684,19.475045284553374,2634.899343389159,2952.7207015543627,-317.8213581652035,89445.0,89751.62188359171,1488.2794086423132,-13.734960510380077,54.937480920746495,60.265356892900414
2024-11-14 16:00:00,88150.5,89911.0,87782.5,89653.0,5.736,84670.395475159,,84670.395475159,58.20167476330776,46.49826179817051,27.160852899643984,19.32764654634417,2457.1884368383617,2853.6142486111626,-396.4258117728009,89115.5,89635.9633593023,1312.3128542168565,-26.440004131123516,47.539527734212854,56.41066093600582
2024-11-14 20:00:00,89653.0,89697.0,86878.0,87250.0,7.525,84670.395475159,,84670.395475159,51.075051479649495,43.86095923839201,24.77778145108885,20.44704073738199,2098.2617899756005,2702.5437568840507,-604.2819669084502,87941.66666666667,89327.90941518672,1325.7546531810726,-69.70836045185463,36.880628808206716,50.2905906317563
2024-11-15 00:00:00,87250.0,88658.0,87250.0,88438.5,1.749,84670.395475159,,84670.395475159,54.07055359194923,41.41203543288341,23.661120745084485,19.525553598165114,1887.9487556532113,2539.6247566378834,-651.6760009846721,88115.5,89107.47133969821,1265.0667780023705,-52.275044919742186,28.775567560211357,42.03330125584435
2024-11-15 04:00:00,88438.5,88612.5,87300.0,87945.0,1.217,84670.395475159,,84670.395475159,52.629625892416996,39.1380347563397,22.636982258030784,18.680417345476613,1662.2909794102889,2364.1580011923647,-701.8670217820759,87952.5,88897.47655066216,1206.8685548496053,-52.19991560610462,21.414159999637178,33.652471025567024
2024-11-15 08:00:00,87945.0,90000.0,87688.5,89995.0,3.129,84670.395475159,,84670.395475159,57.675377369643755,37.71468991457765,25.47347632417985,17.26323773364075,1630.0828529588616,2217.342971545664,-587.2601185868025,89227.83333333333,88957.54142023873,1036.5818927123307,17.383538145571055,21.047739831085714,27.029524049785238
2024-11-15 12:00:00,89995.0,90896.0,87986.0,88614.0,4.009,84670.395475159,,84670.395475159,53.538171988764496,36.79113176833249,25.969340367946753,15.653236386620021,1476.1068809190474,2069.0957534203408,-592.9888725012934,89165.33333333333,88995.3217680741,879.0236513572198,12.893969727793785,20.30648800351372,22.885988848611994
2024-11-15 16:00:00,88614.0,91066.0,88586.5,90506.5,7.21,84670.395475159,,84670.395475159,57.9859034500915,36.008223630820204,24.462627429115813,14.419270681731936,1489.6173657206818,1953.200075880409,-463.5827101597272,90053.0,89187.62690115153,876.5417327192662,65.81721984218267,24.443827261574533,21.803053773952787
2024-11-15 20:00:00,90506.5,92051.5,90506.5,91266.5,3.818,84670.395475159,,84670.395475159,59.65615520673045,35.70428012454208,26.438307056923655,13.694827123941366,1543.8535875371163,1871.3307782117506,-327.47719067463436,91274.83333333333,89567.11897973003,1027.6640274254535,110.78292178696658,32.29283585479199,24.52272273774149
2024-11-16 00:00:00,91266.5,91893.0,91154.5,91531.5,1.816,85271.9462378279,,85271.9462378279,60.249552950031614,35.4220468687124,25.771788092088034,13.349575743866263,1589.8921819797688,1815.0430589653545,-225.15087698558568,91526.33333333333,89923.33977129427,1132.2693973552,94.3823419752341,37.937336411195815,28.745121882769013
2024-11-16 04:00:00,91531.5,91989.5,91331.5,91366.0,1.11,85836.4766140451,,85836.4766140451,59.65937347501103,35.20378192024905,25.509474209952682,13.034274411277464,1594.6415972042887,1770.9627666131414,-176.3211694088527,91562.33333333333,90221.3386007559,1170.2194583046958,76.39562665280658,41.433544614978615,34.026886035635236
2024-11-16 08:00:00,91366.0,91766.0,91243.5,91348.5,5.224,86106.3789526406,,86106.3789526406,59.59289982504975,34.91839327972648,25.004440271077943,13.10966145367066,1578.7940838080685,1732.529030052127,-153.7349462440584,91452.66666666667,90445.21643092149,1140.6250542029666,58.882933355002194,43.019852682253486,38.67089239080498
2024-11-16 12:00:00,91348.5,91535.5,90311.5,90500.5,1.059,86106.3789526406,,86106.3789526406,56.318267027805604,33.80308425050496,23.814982233769044,16.108186956421786,1480.739261816052,1682.1710764049121,-201.4318145888601,90782.5,90506.54071620847,983.413095946341,18.707586528932673,40.80964666831523,40.800095094185785
2024-11-16 16:00:00,90500.5,91596.5,90464.0,91342.5,2.374,86106.3789526406,,86106.3789526406,58.74248716425896,32.80406663544063,22.981003301739644,15.379220110038167,1454.2092529982037,1636.5787117235707,-182.36945872536694,91134.33333333333,90620.68482841298,898.001352123433,38.13271948910124,40.56628965202305,41.4573334043926
2024-11-16 20:00:00,91342.5,91361.5,90605.0,90744.5,0.719,86217.680506475,,86217.680506475,56.35057978148996,31.876407421452317,22.256446648458514,14.894336308112965,1369.1477446309727,1583.0925183050513,-213.94477367407853,90903.66666666667,90672.13607173183,776.8248508164161,19.869823911315375,38.68479276650417,40.770145442273986
2024-11-17 00:00:00,90744.5,91071.5,89485.5,90393.0,5.083,86217.680506475,,86217.680506475,54.93463250988845,29.995400274574784,20.777426621126462,18.59527071670688,1258.861403378789,1518.246295319799,-259.38489194101,90316.66666666667,90607.5052708109,688.4637150578365,-28.16305326222316,32.60771585480168,38.167111235411035
2024-11-17 04:00:00,90393.0,91034.0,90324.5,90770.5,4.446,86217.680506475,,86217.680506475,56.20733352858535,28.248750781045647,20.132874685379246,18.018413055036213,1188.2226869746228,1452.2415736507637,-264.01888667614094,90709.66666666667,90626.0800700574,578.4860571580966,9.632798759794964,30.519087027982888,35.59447132532795
2024-11-17 08:00:00,90770.5,91686.5,90730.0,90959.0,2.324,86870.2368392203,,86870.2368392203,56.86244927715323,27.12971529154273,22.205195643695046,17.241866160370538,1134.3750010514195,1388.668259130895,-254.29325807947544,91125.16666666667,90716.82308762273,547.5510611373409,49.71756462867622,32.26440317350046,33.5189997056973
2024-11-17 12:00:00,90959.0,91383.5,90284.5,90521.5,1.266,86870.2368392203,,86870.2368392203,54.81293433733935,25.67282333901787,21.081005257837866,18.421229728421334,1044.3590077947738,1319.8064088636709,-275.4474010688971,90729.83333333333,90719.18858684284,449.9317312015502,1.577238760506367,29.47466095413736,31.2164667526056
2024-11-17 16:00:00,90521.5,90856.0,89910.0,90336.0,0.82,86870.2368392203,,86870.2368392203,53.92543161115411,23.977532095990448,20.13599507845892,19.370072792879494,947.1344090005878,1245.2720088910544,-298.1375998904666,90367.33333333333,90655.21490438655,420.46806572003584,-45.64461917937974,22.645635487453987,28.725946660768674
2024-11-17 20:00:00,90336.0,90400.0,88931.5,89966.0,3.895,86870.2368392203,,86870.2368392203,52.112945214871026,22.943432526012145,18.7322068006367,22.6649984784343,830.6520662529947,1162.3480203634426,-331.69595411044793,89765.83333333333,90493.50916419506,476.32402301852534,-101.84605376403998,11.328209191863627,23.92822720173886
2024-11-18 00:00:00,89966.0,91078.0,89871.5,90808.0,1.951,86870.2368392203,,86870.2368392203,55.7572779017208,21.37888390890631,20.90880788198702,21.348175665614058,797.0929422626796,1089.29700474329,-292.20406248061045,90585.83333333333,90510.29537676566,403.4538291183698,12.481883694554165,11.433088692108221,18.7203985813908
2024-11-18 04:00:00,90808.0,92472.5,90639.5,92055.5,4.89,87338.7397386912,,87338.7397386912,60.54781390279437,20.832194183310015,25.69782672470282,19.495007324515772,861.2321705635841,1043.684037907349,-182.4518673437649,91722.5,90730.69621735372,510.4265479416266,129.5392107700097,22.170008881008357,16.894235563108545
2024-11-18 08:00:00,92055.5,92414.0,90217.0,90414.5,4.562,87338.7397386912,,87338.7397386912,52.49555853634504,19.954867121011084,23.108546740928176,19.46838303389314,770.7631081718282,989.0998519602449,-218.3367437884167,91015.16666666667,90782.4181172288,459.9396391227632,33.73610065903375,23.221471769919756,17.038194633724988
2024-11-18 12:00:00,90414.5,92755.0,89512.5,92617.5,11.399,87338.7397386912,,87338.7397386912,60.15627820818525,18.55443493679274,19.91864680634356,19.780170763698994,866.8370552076522,964.6472926097264,-97.81023740207422,91628.33333333333,90936.22088379326,502.15287738045583,91.8860212651527,29.463703542213658,21.5720682213125
2024-11-18 16:00:00,92617.5,92738.5,89892.0,90777.0,3.625,87338.7397386912,,87338.7397386912,52.53404543136181,17.25403362287571,17.619279007683,17.496788355835236,785.409668353037,928.7997677583886,-143.39009940535163,91135.83333333333,90972.5140564369,440.54676820154054,24.714633221673726,29.03196987671003,25.971788517462947
2024-11-18 20:00:00,90777.0,92169.0,90558.0,90687.5,8.604,87338.7397386912,,87338.7397386912,52.18775399489881,16.04651811709561,16.461097971701,16.346659088032474,705.5231439700146,884.1444430007139,-178.62129903069922,91138.16666666667,91002.63271284231,385.08989286023444,23.46360444443865,28.52575483741263,27.560725006564017
2024-11-19 00:00:00,90687.5,91651.5,90570.0,91578.0,2.326,87338.7397386912,,87338.7397386912,55.34200126249234,14.925253718871229,15.714306740762767,15.60505961009571,705.9308739380795,848.501729188187,-142.57085525010757,91266.5,91050.60858323461,354.3265335702619,40.620048892946755,29.62523611518846,29.161666092881195
2024-11-19 04:00:00,91578.0,92249.0,91462.0,91864.0,0.89,87338.7397386912,,87338.7397386912,56.33826511057822,14.448853751403416,17.781339848437597,15.069304275525985,721.0203390248789,823.0054511555255,-101.9851121306466,91858.33333333333,91197.4676287071,410.0609283077094,107.44187168373024,36.69947571232862,30.970609135409934
2024-11-19 08:00:00,91864.0,92142.0,91368.5,91861.0,2.19,87338.7397386912,,87338.7397386912,56.32407097150621,13.904451238722691,17.15784332128213,14.964762790412363,724.3864972663869,803.2816603776978,-78.89516311131092,91790.5,91305.2916962149,423.7240874854162,76.34029125958797,40.30318621662492,33.78841322038866
2024-11-19 12:00:00,91861.0,93009.5,91142.5,92607.0,8.097,87410.3509064305,,87410.3509064305,59.08461385062317,14.174160005478553,19.605935566630333,13.714719194507403,778.2786554639606,798.2810593949505,-20.002403930989885,92253.0,91477.60229690309,487.6647448693243,106.00147078565735,46.27575754108241,38.2259138963061
2024-11-19 16:00:00,92607.0,94051.0,92461.5,93300.5,5.542,88580.3158157875,,88580.3158157875,61.51953540379389,15.194248526153318,22.8724772988403,12.739069470519821,866.9545212260127,812.0157517611631,54.938769464849656,93271.0,91803.67460655706,665.7848627917995,146.92688038295955,55.425859617616695,44.67606977191316
2024-11-19 20:00:00,93300.5,93761.5,91580.5,92439.0,4.564,88580.3158157875,,88580.3158157875,56.98287591248477,15.163970928576196,20.696820193229996,15.369669105398383,857.8264443019725,821.177890269325,36.64855403264755,92593.66666666667,91947.309526577,662.2525495732316,65.06653093860757,56.30228428316132,49.57677191462134
2024-11-20 00:00:00,92439.0,92547.0,91629.5,92156.5,4.464,88580.3158157875,,88580.3158157875,55.53660283830749,15.135856016540298,19.841767854713435,14.734698545278457,818.3634046116058,820.6149931377812,-2.2515885261753965,92111.0,91977.07143083571,566.1936440443326,15.769465749990024,52.61748259832756,52.655346010047
2024-11-20 04:00:00,92156.5,92985.5,92054.5,92981.5,1.883,88580.3158157875,,88580.3158157875,58.82342590916333,15.462445162993477,21.01920154504729,14.098222975022262,843.9309557987872,825.2781856699825,18.65277012880472,92673.83333333333,92103.75541310801,566.899876077239,67.04040040486748,53.92865694437664,54.56857086087056
2024-11-20 08:00:00,92981.5,93820.0,92909.5,93139.0,2.442,89072.4123817382,,89072.4123817382,59.43985688931297,16.374395687445645,24.092792111810986,13.484746082081585,866.9091687710898,833.604382290204,33.30478648088581,93289.5,92319.34533799745,640.2189280636587,101.02321976398282,58.209980837068116,55.26460116573341
